{"_id":{"$oid":"622f392ac6ce4aa523a5575e"},"ISBN":"9780619216351","Accession No.":"040620180010","Title":"Java programming : from problem analysis to program design","Author":"D. S. Malik","Publisher":"Boston : Course Technology/Thomson Learning","Edition":1.0,"Year of Publication":2003.0,"Category":"java","Total Number of Pages":998.0,"Price":4897.53}
{"_id":{"$oid":"622f3949c6ce4aa523a5575f"},"ISBN":"059600088X","Accession No.":"230820211652","Title":"Java programming with Oracle JDBC","Author":"Donald Bales","Publisher":"Sebastopol, CA : O'Reilly","Edition":1.0,"Year of Publication":2002.0,"Category":"java","Total Number of Pages":506.0,"Price":925.0}
{"_id":{"$oid":"622f395ac6ce4aa523a55760"},"ISBN":"9780136631705","Accession No.":"170220210045","Title":"Advanced C programming","Author":" Oualline,Steve","Publisher":"New York : Brady Pub.","Edition":2.0,"Year of Publication":1992.0,"Category":"C","Total Number of Pages":442.0,"Price":5726.0}
{"_id":{"$oid":"622f396dc6ce4aa523a55761"},"ISBN":"9780321356567","Accession No.":"191220190102","Title":"C++ programming","Author":"  Ullman,Larry E.(Larry Edward)","Publisher":"Berkeley, Calif. : Peachpit Press","Edition":1.0,"Year of Publication":2006.0,"Category":"C","Total Number of Pages":532.0,"Price":600.0}
{"_id":{"$oid":"622f3980c6ce4aa523a55762"},"ISBN":"9781887902991","Accession No.":"310120120523","Title":"Python programming","Author":"John M. Zelle","Publisher":"Franklin, Beedle","Edition":1.0,"Year of Publication":2004.0,"Category":"python","Total Number of Pages":532.0,"Price":900.0}
{"_id":{"$oid":"622f3991c6ce4aa523a55763"},"ISBN":"9781435455009","Accession No.":"030120220023","Title":"Python programming for the absolute beginner","Author":"Dawson,Mike","Publisher":"Boston, MA : Course Technology Cengage Learning","Edition":3.0,"Year of Publication":2010.0,"Category":"python","Total Number of Pages":484.0,"Price":1000.0}
{"_id":{"$oid":"622f39a4c6ce4aa523a55764"},"ISBN":"9781617292453","Accession No.":"010120220022","Title":"Hello Raspberry Pi! : Python programming for kids and other beginners","Author":"Heitz,Ryan","Publisher":"Shelter Island, NY : Manning Publications Co.","Edition":1.0,"Year of Publication":2016.0,"Category":"python","Total Number of Pages":322.0,"Price":400.0}
{"_id":{"$oid":"622f39b5c6ce4aa523a55765"},"ISBN":"9780314933096","Accession No.":"260820102014","Title":"Introduction to data structures and algorithm analysis","Author":"Naps,Thomas L,Singh,Bhagat","Publisher":" St. Paul, MN : West Pub. Co.","Edition":2.0,"Year of Publication":1992.0,"Category":"python,c","Total Number of Pages":714.0,"Price":800.0}
{"_id":{"$oid":"622f39c7c6ce4aa523a55766"},"ISBN":"9780911537048","Accession No.":"270520100056","Title":"Reliable data structures in C","Author":"Plum,Thomas","Publisher":"Cardiff, N.J. : Plum Hall","Edition":1.0,"Year of Publication":1985.0,"Category":"c","Total Number of Pages":276.0,"Price":250.0}
{"_id":{"$oid":"622f3e7c290d39eccd449218"},"ISBN":"9780538453028","Accession No.":"210320160010","Title":"C# Programming ( Barbara Doyle)","Author":"Barbara Doyle","Publisher":"Course Techonology","Edition":3.0,"Year of Publication":2011.0,"Category":"C","Total Number of Pages":1092.0,"Price":44413.0}
{"_id":{"$oid":"622f3f7aca0d6cd23900fac1"},"ISBN":"9780130351227","Accession No.":"061020101147","Title":"Database design and development : a visual approach","Author":"Frost,Raymond,Day,John C.,Van Slyke,Craig","Publisher":"Upper Saddle River, N.J. : Pearson Prentice Hall","Edition":2,"Year of Publication":2006,"Category":"dbms","Total Number of Pages":534,"Price":1200.0}
{"_id":{"$oid":"6235d2b14dc8864aa33c44bf"},"ISBN":"a","Accession No.":"b","Title":"c","Author":"d","Publisher":"e","Edition":2,"Year of Publication":2006,"Category":"b","Total Number of Pages":445,"Price":4456.0}
